Workbook

Sheet Setup
A1: DSA Tracker — Setup
A2: Fill in your names here — they flow into every other sheet automatically.
A4: Person 1 name | B4: Alex
A5: Person 2 name | B5: Sam
A7: How this works
A8: 1. Daily Log — Mon to Fri, each of you ticks Y/N for whether you revised, plus a short note on what.
A9: 2. Weekend Challenge — Sat/Sun, both attempt the same problem, then talk it over. Whoever's solution is quicker, cleaner, or more optimized gets the point. Genuine tie = both get it.
A10: 3. Leaderboard — totals update automatically from the two sheets above. Nothing to fill in there.
A11: Yellow cells are for you to fill in. Everything else is a formula — leave it alone.
A12: Y/N cells have a dropdown — click the cell and pick from the list instead of typing.
A13: Leaderboard has a points-over-time chart, fed by the two of you filling in Weekend Challenge.

Sheet Daily Log
A1: Daily Revision Log
A2: Tick Y once you've revised your selected topic that day. Sat/Sun rows are shaded — log your challenge on the Weekend Challenge sheet instead.
A4: Date | B4: Day | C4: =Setup!$B$4&" Revised? (Y/N)" -> Alex Revised? (Y/N) | D4: =Setup!$B$4&" - Notes" -> Alex - Notes | E4: =Setup!$B$5&" Revised? (Y/N)" -> Sam Revised? (Y/N) | F4: =Setup!$B$5&" - Notes" -> Sam - Notes
A5: 46272 | B5: =TEXT(A5,"ddd")&" (example)" -> Mon (example) | C5: Y | D5: Arrays + Two Pointers, 5 problems | E5: Y | F5: Arrays, revised sliding window
A6: 46273 | B6: =TEXT(A6,"ddd") -> Tue
A7: 46274 | B7: =TEXT(A7,"ddd") -> Wed
A8: 46275 | B8: =TEXT(A8,"ddd") -> Thu
A9: 46276 | B9: =TEXT(A9,"ddd") -> Fri
A10: 46277 | B10: =TEXT(A10,"ddd") -> Sat
A11: 46278 | B11: =TEXT(A11,"ddd") -> Sun
A12: 46279 | B12: =TEXT(A12,"ddd") -> Mon
A13: 46280 | B13: =TEXT(A13,"ddd") -> Tue
A14: 46281 | B14: =TEXT(A14,"ddd") -> Wed
A15: 46282 | B15: =TEXT(A15,"ddd") -> Thu
A16: 46283 | B16: =TEXT(A16,"ddd") -> Fri
A17: 46284 | B17: =TEXT(A17,"ddd") -> Sat
... A60: 46327 | B60: =TEXT(A60,"ddd") -> Sun

Sheet Weekend Challenge
A1: Weekend Challenge
A2: Both of you attempt the problem, then talk it over — quickest, cleanest, or most optimized solution gets the point. If it's a genuine tie, award both.
A4: Date | B4: Problem | C4: Link | D4: =Setup!$B$4&" gets point? (Y/N)" -> Alex gets point? (Y/N) | E4: =Setup!$B$5&" gets point? (Y/N)" -> Sam gets point? (Y/N) | F4: Why (quick / clean / optimized / tie) | G4: =Setup!$B$4&" Points" -> Alex Points | H4: =Setup!$B$5&" Points" -> Sam Points | I4: =Setup!$B$4&" cumulative" -> Alex cumulative | J4: =Setup!$B$5&" cumulative" -> Sam cumulative
A5: 46273 | B5: Longest Substring Without Repeating Characters (example) | C5: leetcode.com/problems/longest-substring-without-repeating-characters | D5: Y | E5: Y | F5: Tie — both O(n) one-pass, same approach | G5: =IF(UPPER(D5)="Y",1,0) -> 1 | H5: =IF(UPPER(E5)="Y",1,0) -> 1 | I5: =SUM($G$5:G5) -> 1 | J5: =SUM($H$5:H5) -> 1
G6: =IF(UPPER(D6)="Y",1,0) -> 0 | H6: =IF(UPPER(E6)="Y",1,0) -> 0 | I6: =SUM($G$5:G6) -> 1 | J6: =SUM($H$5:H6) -> 1
G7: =IF(UPPER(D7)="Y",1,0) -> 0 | H7: =IF(UPPER(E7)="Y",1,0) -> 0 | I7: =SUM($G$5:G7) -> 1 | J7: =SUM($H$5:H7) -> 1
G8: =IF(UPPER(D8)="Y",1,0) -> 0 | H8: =IF(UPPER(E8)="Y",1,0) -> 0 | I8: =SUM($G$5:G8) -> 1 | J8: =SUM($H$5:H8) -> 1
G9: =IF(UPPER(D9)="Y",1,0) -> 0 | H9: =IF(UPPER(E9)="Y",1,0) -> 0 | I9: =SUM($G$5:G9) -> 1 | J9: =SUM($H$5:H9) -> 1
G10: =IF(UPPER(D10)="Y",1,0) -> 0 | H10: =IF(UPPER(E10)="Y",1,0) -> 0 | I10: =SUM($G$5:G10) -> 1 | J10: =SUM($H$5:H10) -> 1
G11: =IF(UPPER(D11)="Y",1,0) -> 0 | H11: =IF(UPPER(E11)="Y",1,0) -> 0 | I11: =SUM($G$5:G11) -> 1 | J11: =SUM($H$5:H11) -> 1
G12: =IF(UPPER(D12)="Y",1,0) -> 0 | H12: =IF(UPPER(E12)="Y",1,0) -> 0 | I12: =SUM($G$5:G12) -> 1 | J12: =SUM($H$5:H12) -> 1
G13: =IF(UPPER(D13)="Y",1,0) -> 0 | H13: =IF(UPPER(E13)="Y",1,0) -> 0 | I13: =SUM($G$5:G13) -> 1 | J13: =SUM($H$5:H13) -> 1
G14: =IF(UPPER(D14)="Y",1,0) -> 0 | H14: =IF(UPPER(E14)="Y",1,0) -> 0 | I14: =SUM($G$5:G14) -> 1 | J14: =SUM($H$5:H14) -> 1
G15: =IF(UPPER(D15)="Y",1,0) -> 0 | H15: =IF(UPPER(E15)="Y",1,0) -> 0 | I15: =SUM($G$5:G15) -> 1 | J15: =SUM($H$5:H15) -> 1
G16: =IF(UPPER(D16)="Y",1,0) -> 0 | H16: =IF(UPPER(E16)="Y",1,0) -> 0 | I16: =SUM($G$5:G16) -> 1 | J16: =SUM($H$5:H16) -> 1
G17: =IF(UPPER(D17)="Y",1,0) -> 0 | H17: =IF(UPPER(E17)="Y",1,0) -> 0 | I17: =SUM($G$5:G17) -> 1 | J17: =SUM($H$5:H17) -> 1
... G34: =IF(UPPER(D34)="Y",1,0) -> 0 | H34: =IF(UPPER(E34)="Y",1,0) -> 0 | I34: =SUM($G$5:G34) -> 1 | J34: =SUM($H$5:H34) -> 1

Sheet Leaderboard
A1: Leaderboard
A2: Everything here is a formula pulling from the other two sheets — nothing to fill in.
A4: Person | B4: Challenge Points | C4: Days Revised (Mon-Fri)
A5: =Setup!$B$4 -> Alex | B5: =SUM('Weekend Challenge'!G5:G34) -> 1 | C5: =COUNTIF('Daily Log'!C5:C60,"Y") -> 1
A6: =Setup!$B$5 -> Sam | B6: =SUM('Weekend Challenge'!H5:H34) -> 1 | C6: =COUNTIF('Daily Log'!E5:E60,"Y") -> 1
A8: Leading: | B8: =IF(B5=B6,"Tied",IF(B5>B6,A5,A6))&" — "&MAX(B5,B6)&" pts" -> Tied — 1 pts
